Temperature [K],Pressure [MPa],Max Capacity [wt%],Charge time 1 / [wt%/s]
330,0.6449738829571605,1.5728706123526819,0.007895522701125368
330.06,0.6461890621479383,1.5726950029156446,0.007894637666521098
330.12,0.6474060878560464,1.5725194151947648,0.007893752742150872
330.18,0.6486249621341351,1.5723438491708575,0.007892867927918101
330.24,0.6498456870361102,1.5721683048247428,0.00789198322372553
330.3,0.6510682646171337,1.5719927821372448,0.007891098629476234
330.36,0.6522926969336273,1.5718172810891935,0.007890214145073515
330.42,0.6535189860432669,1.5716418016614235,0.007889329770420339
330.48,0.6547471340049843,1.5714663438347745,0.007888445505419894
330.54,0.6559771428789688,1.5712909075900907,0.007887561349975258
330.6,0.6572090147266635,1.5711154929082218,0.007886677303989731
330.66,0.6584427516107688,1.5709400997700214,0.0078857933673665
330.72,0.6596783555952372,1.5707647281563493,0.007884909540008755
330.78,0.6609158287452777,1.5705893780480693,0.007884025821819907
330.84,0.6621551731273572,1.5704140494260495,0.007883142212703143
330.9,0.66339639080919,1.5702387422711646,0.007882258712561763
330.96,0.6646394838597478,1.570063456564292,0.007881375321299067
331.02,0.6658844543492581,1.5698881922863153,0.007880492038818576
331.08,0.6671313043491965,1.569712949418123,0.00787960886502348
331.14,0.668380035932297,1.5695377279406078,0.00787872579981741
331.2,0.6696306511725421,1.5693625278346668,0.007877842843103666
331.26,0.670883152145168,1.569187349081203,0.00787695999478577
331.32,0.6721375409266649,1.569012191661123,0.007876077254767133
331.38,0.6733938195947733,1.5688370555553395,0.007875194622951387
331.44,0.6746519902284851,1.5686619407447684,0.007874312099241942
331.5,0.675912054908042,1.5684868472103315,0.007873429683542432
331.56,0.6771740157149411,1.5683117749329545,0.007872547375756489
331.62,0.6784378747319271,1.5681367238935684,0.007871665175787634
331.68,0.6797036340429939,1.5679616940731085,0.007870783083539612
331.74,0.6809712957333887,1.567786685452515,0.007869901098915943
331.8,0.6822408618896056,1.5676116980127328,0.007869019221820373
331.86,0.6835123345993898,1.5674367317347115,0.007868137452156643
331.92,0.684785715951736,1.5672617865994045,0.007867255789828276
331.98,0.6860610080368855,1.5670868625877716,0.007866374234739348
332.04,0.6873382129463322,1.5669119596807748,0.007865492786793382
332.1,0.688617332772814,1.5667370778593832,0.007864611445894343
332.16,0.6898983696103193,1.566562217104569,0.007863730211945974
332.22,0.6911813255540832,1.566387377397309,0.00786284908485213
332.28,0.6924662027005882,1.5662125587185851,0.007861968064516667
332.34,0.6937530031475649,1.5660377610493839,0.007861087150843549
332.4,0.6950417289939903,1.5658629843706957,0.00786020634373652
332.46,0.6963323823400858,1.565688228663516,0.007859325643099768
332.52,0.6976249652873237,1.565513493908845,0.007858445048837037
332.58,0.6989194799384147,1.565338780087687,0.007857564560852404
332.64,0.7002159283973228,1.5651640871810508,0.007856684179049944
332.7,0.7015143127692525,1.56498941516995,0.007855803903333514
332.76,0.7028146351606552,1.564814764035402,0.00785492373360741
332.82,0.7041168976792243,1.5646401337584297,0.00785404366977549
332.88,0.705421102433901,1.5644655243200598,0.00785316371174205
332.94,0.7067272515348694,1.564290935701323,0.007852283859410947
333,0.7080353470935543,1.5641163678832561,0.0078514041126867
333.06,0.709345391222628,1.5639418208468985,0.007850524471473164
333.12,0.710657386036003,1.5637672945732948,0.007849644935674527
333.18,0.711971333648835,1.5635927890434949,0.00784876550519531
333.24,0.7132872361775253,1.5634183042385508,0.007847886179939367
333.3,0.7146050957397121,1.5632438401395208,0.00784700695981122
333.36,0.7159249144542772,1.5630693967274671,0.007846127844715167
333.42,0.7172466944413469,1.5628949739834563,0.007845248834555285
333.48,0.7185704378222842,1.5627205718885588,0.007844369929236095
333.54,0.7198961467196943,1.5625461904238507,0.007843491128662006
333.6,0.7212238232574253,1.5623718295704103,0.007842612432737095
333.66,0.7225534695605617,1.562197489309322,0.007841733841365994
333.72,0.7238850877554299,1.562023169621674,0.007840855354453113
333.78,0.7252186799695961,1.5618488704885585,0.007839976971902751
333.84,0.7265542483318639,1.561674591891072,0.00783909869361954
333.9,0.7278917949722785,1.561500333810316,0.007838220519507777
333.96,0.7292313220221198,1.5613260962273952,0.007837342449472096
334.02,0.73057283161391,1.5611518791234191,0.007836464483417016
334.08,0.731916325881405,1.5609776824795019,0.00783558662124706
334.14,0.7332618069596024,1.560803506276761,0.007834708862866746
334.2,0.7346092769847339,1.5606293504963185,0.007833831208180708
334.26,0.7359587380942674,1.560455215119301,0.007832953657093578
334.32,0.7373101924269123,1.560281100126839,0.007832076209509986
334.38,0.7386636421226077,1.5601070055000672,0.007831198865334565
334.44,0.7400190893225334,1.5599329312201242,0.007830321624471948
334.5,0.7413765361691027,1.5597588772681534,0.007829444486826986
334.56,0.742735984805965,1.5595848436253017,0.007828567452304203
334.62,0.7440974373780025,1.5594108302727203,0.00782769052080834
334.68,0.7454608960313331,1.5592368371915655,0.007826813692244361
334.74,0.7468263629133108,1.5590628643629956,0.0078259369665169
334.8,0.7481938401725203,1.558888911768175,0.00782506034353081
334.86,0.7495633299587814,1.558714979388271,0.007824183823190944
334.92,0.7509348344231476,1.5585410672044557,0.007823307405401936
334.98,0.7523083557179037,1.5583671751979051,0.00782243109006897
335.04,0.7536838959965673,1.558193303349799,0.007821554877096681
335.1,0.7550614574138887,1.5580194516413208,0.007820678766390143
335.16,0.7564410421258492,1.5578456200536597,0.0078198027578541
335.22,0.7578226522896638,1.5576718085680066,0.007818926851393737
335.28,0.7592062900637748,1.5574980171655581,0.00781805104691391
335.34,0.7605919576078581,1.557324245827514,0.007817175344319471
335.4,0.76197965708282,1.557150494535079,0.007816299743515609
335.46,0.763369390650796,1.5569767632694596,0.007815424244407287
335.52,0.7647611604751496,1.556803052011869,0.007814548846899583
335.58,0.766154968720478,1.5566293607435226,0.00781367355089757
335.64,0.7675508175526007,1.556455689445641,0.007812798356306327
335.7,0.768948709138574,1.5562820380994469,0.007811923263030929
335.76,0.7703486456466753,1.5561084066861686,0.007811048270976562
335.82,0.7717506292464136,1.5559347951870375,0.007810173380048413
335.88,0.7731546621085263,1.5557612035832895,0.007809298590151559
335.94,0.7745607464049755,1.5555876318561639,0.007808423901191186
336,0.7759688843089514,1.5554140799869034,0.007807549313072593
336.06,0.7773790779948715,1.5552405479567557,0.0078066748257009655
336.12,0.7787913296383753,1.5550670357469716,0.007805800438981492
336.18,0.7802056414163344,1.554893543338806,0.00780492615281958
336.24,0.7816220155068423,1.5547200707135174,0.007804051967120418
336.3,0.783040454089218,1.5545466178523684,0.007803177881789303
336.36,0.784460959344004,1.5543731847366253,0.007802303896731644
336.42,0.785883533452969,1.5541997713475582,0.007801430011852628
336.48,0.7873081785991054,1.5540263776664407,0.0078005562270579976
336.54,0.7887348969666292,1.5538530036745508,0.007799682542252717
336.6,0.7901636907409791,1.5536796493531695,0.007798808957342418
336.66,0.7915945621088162,1.5535063146835821,0.007797935472232509
336.72,0.7930275132580262,1.5533329996470777,0.007797062086828288
336.78,0.7944625463777134,1.553159704224949,0.007796188801035386
336.84,0.7958996636582111,1.5529864283984913,0.007795315614759324
336.9,0.7973388672910642,1.552813172149006,0.007794442527905399
336.96,0.798780159469046,1.552639935457796,0.007793569540379353
337.02,0.8002235423861489,1.552466718306169,0.007792696652086595
337.08,0.8016690182375835,1.5522935206754358,0.007791823862932645
337.14,0.8031165892197816,1.5521203425469112,0.007790951172823246
337.2,0.8045662575303949,1.551947183901914,0.007790078581663806
337.26,0.8060180253682954,1.551774044721766,0.007789206089360068
337.32,0.8074718949335722,1.5516009249877925,0.007788333695817662
337.38,0.8089278684275337,1.5514278246813227,0.007787461400942219
337.44,0.8103859480527047,1.5512547437836903,0.007786589204639371
337.5,0.8118461360128302,1.551081682276231,0.00778571710681486
337.56,0.8133084345128712,1.5509086401402854,0.007784845107374316
337.62,0.8147728457590075,1.550735617357196,0.007783973206223593
337.68,0.8162393719586326,1.5505626139083115,0.007783101403268322
337.74,0.8177080153203576,1.5503896297749815,0.007782229698414356
337.8,0.8191787780540103,1.5502166649385607,0.007781358091567436
337.86,0.8206516623706325,1.5500437193804066,0.007780486582633306
337.92,0.822126670482481,1.5498707930818807,0.0077796151715178175
337.98,0.823603804603029,1.549697886024348,0.007778743858126935
338.04,0.8250830669469646,1.549524998189176,0.00777787264236629
338.1,0.8265644597301859,1.5493521295577375,0.007777001524141958
338.16,0.8280479851698073,1.5491792801114066,0.0077761305033596795
338.22,0.8295336454841575,1.549006449831563,0.00777525957992542
338.28,0.8310214428927727,1.5488336386995882,0.007774388753745143
338.34,0.83251137961641,1.5486608466968679,0.0077735180247247015
338.4,0.8340034578770333,1.548488073804791,0.00777264739277006
338.46,0.8354976798978164,1.54831532000475,0.007771776857787294
338.52,0.836994047903147,1.5481425852781405,0.007770906419682477
338.58,0.8384925641186247,1.547969869606362,0.007770036078361353
338.64,0.8399932307710576,1.5477971729708166,0.007769165833730107
338.7,0.8414960500884626,1.5476244953529108,0.007768295685694704
338.76,0.8430010243000705,1.5474518367340535,0.007767425634161329
338.82,0.8445081556363183,1.5472791970956572,0.007766555679036058
338.88,0.8460174463288522,1.547106576419138,0.007765685820224855
338.94,0.8475288986105267,1.5469339746859152,0.007764816057634016
339,0.8490425147154046,1.5467613918774117,0.007763946391169507
339.06,0.8505582968787585,1.546588827975053,0.007763076820737624
339.12,0.8520762473370653,1.546416282960268,0.007762207346244443
339.18,0.8535963683280109,1.5462437568144891,0.007761337967596038
339.24,0.8551186620904868,1.5460712495191529,0.007760468684698818
339.3,0.856643130864591,1.5458987610556976,0.007759599497458969
339.36,0.8581697768916261,1.5457262914055652,0.007758730405782677
339.42,0.8596986024141,1.5455538405502016,0.007757861409576128
339.48,0.8612296096757286,1.5453814084710555,0.007756992508745619
339.54,0.8627628009214302,1.5452089951495782,0.007756123703197559
339.6,0.8642981783973257,1.5450366005672254,0.007755254992838134
339.66,0.8658357443507402,1.544864224705455,0.007754386377573641
339.72,0.8673755010302061,1.5446918675457282,0.007753517857310488
339.78,0.868917450685453,1.54451952906951,0.007752649431954972
339.84,0.8704615955674182,1.5443472092582675,0.007751781101413502
339.9,0.8720079379282377,1.544174908093472,0.007750912865592374
339.96,0.8735564800212483,1.5440026255565975,0.0077500447243981085
340.02,0.8751072241009935,1.543830361629121,0.007749176677737002
340.08,0.8766601724232116,1.5436581162925225,0.007748308725515574
340.14,0.8782153272448434,1.5434858895282852,0.007747440867640232
340.2,0.8797726908240312,1.5433136813178965,0.007746573104017385
340.26,0.8813322654201171,1.5431414916428443,0.0077457054345536624
340.32,0.88289405329364,1.5429693204846222,0.007744837859155362
340.38,0.8844580567063395,1.542797167824725,0.007743970377729226
340.44,0.8860242779211521,1.542625033644652,0.00774310299018155
340.5,0.8875927192022137,1.5424529179259048,0.007742235696418964
340.56,0.8891633828148579,1.5422808206499874,0.0077413684963481
340.62,0.8907362710256159,1.5421087417984076,0.007740501389875365
340.68,0.8923113861022128,1.5419366813526765,0.0077396343769075004
340.74,0.8938887303135734,1.541764639294307,0.007738767457351026
340.8,0.8954683059298159,1.541592615604816,0.007737900631112571
340.86,0.8970501152222545,1.5414206102657235,0.007737033898098766
340.92,0.898634160463402,1.5412486232585512,0.007736167258216353
340.98,0.9002204439269594,1.5410766545648247,0.00773530071137174
341.04,0.9018089678878284,1.5409047041660728,0.007734434257471889
341.1,0.9033997346221007,1.5407327720438262,0.007733567896423432
341.16,0.9049927464070612,1.540560858179619,0.0077327016281329986
341.22,0.9065880055211902,1.5403889625549887,0.007731835452507219
341.28,0.9081855142441583,1.540217085151475,0.007730969369453056
341.34,0.9097852748568316,1.5400452259506203,0.00773010337887714
341.4,0.9113872896412638,1.5398733849339707,0.007729237480686324
341.46,0.9129915608807033,1.5397015620830745,0.007728371674787238
341.52,0.9145980908595845,1.5395297573794828,0.007727505961086734
341.58,0.9162068818635384,1.53935797080475,0.007726640339491664
341.64,0.9178179361793825,1.5391862023404332,0.007725774809908881
341.7,0.919431256095125,1.5390144519680915,0.007724909372245126
341.76,0.921046843899961,1.5388427196692878,0.007724044026407362
341.82,0.9226647018842765,1.5386710054255874,0.007723178772302441
341.88,0.9242848323396482,1.5384993092185582,0.007722313609837106
341.94,0.9259072375588341,1.5383276310297713,0.0077214485389184295
342,0.9275319198357851,1.5381559708408001,0.007720583559453265
342.06,0.9291588814656373,1.5379843286332207,0.007719718671348463
342.12,0.9307881247447132,1.537812704388612,0.0077188538745111
342.18,0.9324196519705226,1.5376410980885564,0.007717989168848027
342.24,0.9340534654417606,1.5374695097146374,0.007717124554266208
342.3,0.935689567458305,1.5372979392484425,0.007716260030672717
342.36,0.937327960321221,1.5371263866715614,0.007715395597974406
342.42,0.9389686463327602,1.5369548519655862,0.007714531256078461
342.48,0.9406116277963519,1.536783335112113,0.007713667004891733
342.54,0.9422569070166158,1.536611836092738,0.007712802844321409
342.6,0.9439044862993512,1.5364403548890626,0.007711938774274452
342.66,0.9455543679515385,1.5362688914826894,0.007711074794657824
342.72,0.9472065542813427,1.536097445855224,0.007710210905378823
342.78,0.9488610475981105,1.5359260179882743,0.007709347106344411
342.84,0.9505178502123705,1.5357546078634514,0.007708483397461663
342.9,0.9521769644358313,1.5355832154623679,0.007707619778637875
342.96,0.9538383925813809,1.5354118407666404,0.007706756249780011
343.02,0.9555021369630876,1.5352404837578868,0.007705892810795145
343.08,0.957168199896201,1.5350691444177285,0.0077050294615906845
343.14,0.9588365836971482,1.5348978227277883,0.007704166202073481
343.2,0.9605072906835364,1.5347265186696921,0.007703303032151054
343.26,0.9621803231741488,1.5345552322250693,0.0077024399517303666
343.32,0.963855683488946,1.53438396337555,0.0077015769607187146
343.38,0.9655333739490719,1.5342127121027678,0.007700714059023284
343.44,0.9672133968768393,1.5340414783883591,0.007699851246551259
343.5,0.9688957545957416,1.533870262213961,0.0076989885232100486
343.56,0.9705804494304467,1.533699063561216,0.007698125888906837
343.62,0.9722674837068018,1.5335278824117655,0.00769726334354881
343.68,0.9739568597518239,1.5333567187472565,0.007696400887043375
343.74,0.9756485798937078,1.5331855725493364,0.007695538519297718
343.8,0.9773426464618203,1.533014443799656,0.007694676240219134
343.86,0.9790390617867034,1.5328433324798676,0.007693814049715142
343.92,0.9807378282000747,1.5326722385716267,0.0076929519476929276
343.98,0.9824389480348187,1.5325011620565911,0.007692089934059787
344.04,0.984142423624996,1.5323301029164205,0.007691228008723239
344.1,0.9858482573058417,1.5321590611327767,0.007690366171590468
344.16,0.9875564514137553,1.5319880366873249,0.0076895044225689935
344.22,0.9892670082863122,1.531817029561732,0.007688642761566111
344.28,0.9909799302622572,1.5316460397376668,0.00768778118848934
344.34,0.9926952196815076,1.531475067196801,0.007686919703246087
344.4,0.9944128788851451,1.5313041119208084,0.007686058305743648
344.46,0.9961329102154243,1.5311331738913647,0.007685196995889654
344.52,0.9978553160157683,1.530962253090149,0.0076843357735914
344.58,0.9995800986307669,1.530791349498841,0.007683474638756405
344.64,1.0013072604061783,1.5306204630991238,0.007682613591292187
344.7,1.0030368036889281,1.5304495938726823,0.0076817526311061535
344.76,1.0047687308271087,1.530278741801204,0.007680891758105934
344.82,1.0065030441699776,1.5301079068663783,0.007680030972198826
344.88,1.0082397460679606,1.5299370890498967,0.007679170273292568
344.94,1.0099788388726474,1.5297662883334529,0.00767830966129468
345,1.0117203249367912,1.5295955046987428,0.0076774491361125685
345.06,1.0134642066143131,1.529424738127465,0.007676588697653752
345.12,1.0152104862602969,1.5292539886013192,0.007675728345826083
345.18,1.0169591662309887,1.5290832561020082,0.007674868080536856
345.24,1.0187102488837978,1.528912540611236,0.007674007901693813
345.3,1.0204637365772984,1.5287418421107097,0.0076731478092044725
345.36,1.022219631671223,1.528571160582138,0.007672287802976574
345.42,1.0239779365264676,1.5284004960072315,0.007671427882917525
345.48,1.0257386535050923,1.528229848367703,0.007670568048935178
345.54,1.0275017849703139,1.5280592176452674,0.00766970830093705
345.6,1.0292673332865119,1.5278886038216424,0.007668848638830883
345.66,1.0310353008192215,1.5277180068785463,0.007667989062524194
345.72,1.0328056899351428,1.5275474267977,0.007667129571924836
345.78,1.03457850300213,1.5273768635608271,0.0076662701669404365
345.84,1.036353742389201,1.5272063171496526,0.0076654108474786264
345.9,1.0381314104665251,1.5270357875459033,0.007664551613447146
345.96,1.0399115096054334,1.5268652747313083,0.007663692464753735
346.02,1.0416940421784122,1.5266947786875986,0.007662833401306024
346.08,1.0434790105591039,1.5265242993965078,0.007661974423011975
346.14,1.0452664171223094,1.52635383683977,0.007661115529779106
346.2,1.0470562642439807,1.5261833909991223,0.007660256721515379
346.26,1.0488485543012291,1.526012961856304,0.0076593979981284255
346.32,1.0506432896723192,1.5258425493930547,0.007658539359525984
346.38,1.0524404727366663,1.5256721535911184,0.007657680805615907
346.44,1.054240105874843,1.5255017744322381,0.007656822336306046
346.5,1.0560421914685751,1.5253314118981611,0.007655963951504141
346.56,1.057846731900737,1.5251610659706358,0.007655105651118044
346.62,1.0596537295553599,1.5249907366314117,0.0076542474350556056
346.68,1.061463186817623,1.5248204238622411,0.007653389303224567
346.74,1.0632751060738608,1.5246501276448772,0.007652531255532891
346.8,1.0650894897115504,1.5244798479610762,0.007651673291888317
346.86,1.0669063401193304,1.524309584792595,0.007650815412198697
346.92,1.068725659686979,1.524139338121193,0.007649957616372105
346.98,1.070547450805427,1.5239691079286313,0.007649099904316281
347.04,1.072371715866756,1.5237988941966725,0.007648242275939077
347.1,1.074198457264194,1.523628696907081,0.007647384731148454
347.16,1.0760276773921162,1.523458516041623,0.007646527269852377
347.22,1.0778593786460446,1.5232883515820665,0.007645669891958695
347.28,1.079693563422649,1.5231182035101816,0.007644812597375372
347.34,1.0815302341197464,1.522948071807739,0.00764395538601037
347.4,1.0833693931362967,1.5227779564565123,0.007643098257771541
347.46,1.0852110428724073,1.522607857438276,0.007642241212566847
347.52,1.0870551857293296,1.522437774734807,0.007641384250304473
347.58,1.0889018241094581,1.5222677083278833,0.007640527370892047
347.64,1.0907509604163323,1.5220976581992842,0.007639670574237867
347.7,1.0926025970546345,1.5219276243307918,0.007638813860249671
347.76,1.094456736430189,1.5217576067041891,0.007637957228835757
347.82,1.0963133809499637,1.5215876053012602,0.007637100679903752
347.88,1.0981725330220682,1.5214176201037923,0.0076362442133620645
347.94,1.100034195055752,1.5212476510935726,0.007635387829118434
348,1.1018983694614055,1.5210776982523906,0.007634531527080934
348.06,1.1037650586505592,1.5209077615620377,0.00763367530715775
348.12,1.1056342650358866,1.5207378410043064,0.007632819169256844
348.18,1.1075059910311935,1.5205679365609912,0.007631963113286178
348.24,1.1093802390514318,1.520398048213887,0.0076311071391540475
348.3,1.111257011512688,1.5202281759447915,0.007630251246768416
348.36,1.1131363108321854,1.5200583197355038,0.007629395436037245
348.42,1.1150181394282845,1.5198884795678234,0.00762853970686872
348.48,1.116902499720487,1.5197186554235524,0.007627684059171025
348.54,1.1187893941294242,1.5195488472844945,0.007626828492852122
348.6,1.1206788250768664,1.5193790551324535,0.007625973007820308
348.66,1.1225707949857207,1.5192092789492362,0.0076251176039835444
348.72,1.1244653062800258,1.5190395187166497,0.007624262281249905
348.78,1.1263623613849547,1.5188697744165036,0.007623407039527685
348.84,1.1282619627268164,1.518700046030608,0.007622551878724959
348.9,1.1301641127330522,1.5185303335407745,0.007621696798749911
348.96,1.1320688138322361,1.5183606369288165,0.007620841799510725
349.02,1.1339760684540696,1.518190956176549,0.007619986880915364
349.08,1.1358858790293926,1.5180212912657873,0.007619132042872345
349.14,1.1377982479901736,1.5178516421783492,0.007618277285289521
349.2,1.1397131777695084,1.5176820088960534,0.007617422608075297
349.26,1.1416306708016273,1.51751239140072,0.007616568011137748
349.32,1.1435507295218883,1.5173427896741705,0.007615713494385168
349.38,1.1454733563667794,1.5171732036982266,0.007614859057725631
349.44,1.1473985537739126,1.5170036334547137,0.007614004701067545
349.5,1.1493263241820357,1.516834078925456,0.007613150424318982
349.56,1.1512566700310158,1.5166645400922805,0.007612296227388127
349.62,1.1531895937618544,1.5164950169370148,0.007611442110183386
349.68,1.1551250978166723,1.5163255094414885,0.007610588072612945
349.74,1.1570631846387198,1.5161560175875313,0.007609734114584987
349.8,1.159003856672375,1.5159865413569746,0.007608880236007809
349.86,1.1609471163631355,1.5158170807316522,0.0076080264367897055
349.92,1.1628929661576264,1.5156476356933972,0.007607172716838861
349.98,1.1648414085035979,1.5154782062240446,0.007606319076063683
350.04,1.16679244584992,1.5153087923054314,0.007605465514372356
350.1,1.1687460806465855,1.5151393939193947,0.007604612031673064
350.16,1.1707023153447151,1.5149700110477733,0.007603758627874324
350.22,1.1726611523965422,1.514800643672407,0.007602905302884322
350.28,1.1746225942554291,1.5146312917751368,0.0076020520566113525
350.34,1.176586643375854,1.514461955337805,0.007601198888963823
350.4,1.178553302213422,1.5142926343422538,0.007600345799849917
350.46,1.1805225732248463,1.5141233287703288,0.007599492789178042
350.52,1.1824944588679698,1.5139540386038746,0.007598639856856493
350.58,1.1844689616017483,1.5137847638247377,0.007597787002793566
350.64,1.1864460838862576,1.5136155044147657,0.007596934226897778
350.7,1.1884258281826916,1.5134462603558072,0.007596081529077203
350.76,1.1904081969533578,1.5132770316297122,0.00759522890924047
350.82,1.1923931926616824,1.5131078182183308,0.007594376367295763
350.88,1.1943808177722066,1.5129386201035147,0.007593523903151378
350.94,1.1963710747505925,1.5127694372671165,0.007592671516715943
351,1.1983639660636072,1.5126002696909902,0.007591819207897643
351.06,1.2003594941791378,1.5124311173569902,0.007590966976604885
351.12,1.2023576615661848,1.5122619802469721,0.007590114822746075
351.18,1.2043584706948636,1.5120928583427922,0.007589262746229619
351.24,1.206361924036399,1.5119237516263084,0.007588410746963814
351.3,1.2083680240631287,1.511754660079379,0.007587558824857177
351.36,1.2103767732485,1.5115855836838636,0.007586706979818114
351.42,1.2123881740670766,1.5114165224216218,0.007585855211755033
351.48,1.2144022289945302,1.5112474762745152,0.007585003520576117
351.54,1.2164189405076395,1.5110784452244057,0.007584151906190106
351.6,1.2184383110842967,1.5109094292531562,0.007583300368505297
351.66,1.2204603432035004,1.5107404283426307,0.007582448907429984
351.72,1.2224850393453612,1.510571442474693,0.007581597522872907
351.78,1.2245124019910874,1.5104024716312103,0.007580746214742251
351.84,1.2265424336230117,1.5102335157940465,0.007579894982946533
351.9,1.2285751367245568,1.5100645749450705,0.007579043827394161
351.96,1.230610513780262,1.5098956490661495,0.007578192747993651
352.02,1.2326485672757659,1.509726738139152,0.00757734174465341
352.08,1.2346892996978176,1.509557842145948,0.007576490817281956
352.14,1.2367327135342683,1.509388961068407,0.007575639965787584
352.2,1.23877881127407,1.5092200948884005,0.007574789190079034
352.26,1.240827595407286,1.5090512435877996,0.007573938490064602
352.32,1.2428790684250723,1.5088824071484774,0.0075730878656528056
352.38,1.2449332328196965,1.5087135855523068,0.007572237316752162
352.44,1.2469900910845222,1.5085447787811614,0.007571386843271077
352.5,1.2490496457140163,1.5083759868169162,0.007570536445117959
352.56,1.2511118992037495,1.5082072096414456,0.007569686122201547
352.62,1.2531768540503851,1.5080384472366264,0.007568835874430135
352.68,1.2552445127516925,1.5078696995843346,0.007567985701712354
352.74,1.2573148778065373,1.5077009666664476,0.0075671356039566096
352.8,1.2593879517148856,1.5075322484648428,0.007566285581071308
352.86,1.2614637369777997,1.5073635449613987,0.0075654356329651895
352.92,1.2635422360974409,1.5071948561379946,0.007564585759546771
352.98,1.2656234515770632,1.50702618197651,0.007563735960724349
353.04,1.2677073859210228,1.506857522458825,0.007562886236406552
353.1,1.2697940416347668,1.5066888775668206,0.007562036586501897
353.16,1.2718834212248424,1.5065202472823773,0.007561187010918902
353.22,1.2739755271988848,1.5063516315873782,0.007560337509566195
353.28,1.2760703620656253,1.5061830304637052,0.007559488082352184
353.34,1.2781679283348975,1.5060144438932406,0.007558638729185385
353.4,1.2802682285176177,1.5058458718578682,0.007557789449974428
353.46,1.2823712651257941,1.5056773143394724,0.00755694024462783
353.52,1.2844770406725352,1.505508771319937,0.007556091113054109
353.58,1.286585557672032,1.5053402427811473,0.007555242055161782
353.64,1.288696818639572,1.5051717287049882,0.0075543930708594775
353.7,1.290810826091533,1.5050032290733455,0.007553544160055714
353.76,1.2929275825453745,1.5048347438681056,0.007552695322659009
353.82,1.295047090519658,1.5046662730711553,0.007551846558577879
353.88,1.2971693525340204,1.5044978166643812,0.007550997867721065
353.94,1.2992943711091949,1.504329374629671,0.0075501492499969736
354,1.3014221487669972,1.5041609469489126,0.0075493007053142325
354.06,1.3035526880303363,1.5039925336039939,0.007548452233581249
354.12,1.3056859914232015,1.5038241345768035,0.007547603834706873
354.18,1.307822061470667,1.5036557498492302,0.007546755508599401
354.24,1.3099609006988973,1.5034873794031638,0.007545907255167683
354.3,1.3121025116351357,1.5033190232204936,0.007545059074320015
354.36,1.314246896807717,1.5031506812831092,0.007544210965965026
354.42,1.31639405874605,1.502982353572901,0.007543362930011455
354.48,1.3185439999806339,1.5028140400717593,0.007542514966367708
354.54,1.3206967230430453,1.5026457407615745,0.007541667074942526
354.6,1.322852230465947,1.5024774556242384,0.007540819255644315
354.66,1.325010524783075,1.5023091846416419,0.007539971508381815
354.72,1.3271716085292573,1.5021409277956763,0.0075391238330635435
354.78,1.3293354842403893,1.5019726850682336,0.007538276229598018
354.84,1.3315021544534584,1.501804456441205,0.0075374286978939775
354.9,1.333671621706523,1.5016362418964833,0.00753658123785983
354.96,1.3358438885387198,1.5014680414159605,0.007535733849404314
355.02,1.3380189574902621,1.5012998549815295,0.007534886532435947
355.08,1.3401968311024473,1.5011316825750822,0.00753403928686347
355.14,1.3423775119176427,1.5009635241785118,0.007533192112595177
355.2,1.3445610024792916,1.5007953797737117,0.00753234500953992
355.26,1.346747305331919,1.5006272493425739,0.007531497977606216
355.32,1.3489364230211156,1.5004591328669927,0.007530651016702694
355.38,1.3511283580935545,1.5002910303288606,0.007529804126737871
355.44,1.353323113096977,1.500122941710071,0.007528957307620376
355.5,1.355520690580201,1.4999548669925173,0.007528110559258838
355.56,1.3577210930931136,1.4997868061580935,0.007527263881561774
355.62,1.3599243231866767,1.4996187591886925,0.007526417274437924
355.68,1.3621303834129193,1.499450726066208,0.007525570737795806
355.74,1.364339276324947,1.499282706772534,0.007524724271544048
355.8,1.3665510044769298,1.4991147012895643,0.007523877875591167
355.86,1.3687655704241135,1.4989467095991915,0.007523031549845904
355.92,1.370982976722807,1.49877873168331,0.007522185294216888
355.98,1.3732032259303897,1.498610767523813,0.007521339108612413
356.04,1.3754263206053112,1.498442817102594,0.007520492992941441
356.1,1.3776522633070818,1.498274880401547,0.0075196469471123795
356.16,1.379881056596288,1.4981069574025652,0.007518800971033857
356.22,1.382112703034573,1.4979390480875419,0.007517955064614501
356.28,1.3843472051846493,1.4977711524383701,0.00751710922776283
356.34,1.3865845656102973,1.4976032704369433,0.0075162634603876954
356.4,1.3888247868763601,1.4974354020651544,0.007515417762397392
356.46,1.3910678715487397,1.497267547304896,0.00751457213370077
356.52,1.3933138221944064,1.4970997061380615,0.0075137265742062365
356.58,1.3955626413813926,1.4969318785465433,0.007512881083822531
356.64,1.39781433167879,1.496764064512234,0.007512035662458172
356.7,1.4000688956567517,1.4965962640170256,0.007511190310021787
356.76,1.4023263358864948,1.4964284770428105,0.007510345026422005
356.82,1.404586654940296,1.4962607035714806,0.007509499811567344
356.88,1.4068498553914883,1.4960929435849268,0.007508654665366543
356.94,1.4091159398144641,1.495925197065042,0.007507809587728009
357,1.4113849107846805,1.4957574639937161,0.007506964578560482
357.06,1.413656770878643,1.4955897443528414,0.007506119637772479
357.12,1.415931522673922,1.4954220381243073,0.007505274765272629
357.18,1.41820916874914,1.495254345290005,0.007504429960969561
357.24,1.4204897116839779,1.4950866658318245,0.007503585224771792
357.3,1.4227731540591693,1.4949189997316552,0.00750274055658795
357.36,1.4250594984565073,1.4947513469713873,0.007501895956326776
357.42,1.427348747458831,1.4945837075329098,0.007501051423896565
357.48,1.4296409036500446,1.4944160813981113,0.007500206959206057
357.54,1.4319359696150973,1.4942484685488808,0.007499362562163769
357.6,1.4342339479399886,1.494080868967106,0.007498518232678442
357.66,1.436534841211779,1.493913282634675,0.0074976739706584805
357.72,1.438838652018571,1.4937457095334747,0.007496829776012626
357.78,1.4411453829495229,1.4935781496453928,0.007495985648649284
357.84,1.4434550365948435,1.4934106029523153,0.007495141588477194
357.9,1.445767615545789,1.4932430694361283,0.007494297595404875
357.96,1.448083122394664,1.4930755490787173,0.007493453669340844
358.02,1.450401559734821,1.4929080418619685,0.007492609810193729
358.08,1.4527229301606628,1.4927405477677653,0.007491766017872159
358.14,1.4550472362676374,1.492573066777993,0.00749092229228443
358.2,1.457374480652239,1.4924055988745353,0.007490078633339503
358.26,1.4597046659120094,1.492238144039275,0.007489235040945563
358.32,1.4620377946455303,1.492070702254095,0.007488391515011572
358.38,1.464373869452438,1.4919032735008775,0.007487548055445714
358.44,1.4667128929334,1.4917358577615047,0.007486704662156729
358.5,1.4690548676901407,1.4915684550178567,0.0074858613350531344
358.56,1.4713997963254148,1.491401065251815,0.007485018074043448
358.62,1.473747681443027,1.4912336884452593,0.007484174879036298
358.68,1.4760985256478234,1.4910663245800688,0.007483331749940203
358.74,1.4784523315456854,1.4908989736381222,0.00748248868666368
358.8,1.4808091017435399,1.4907316356012978,0.007481645689115246
358.86,1.4831688388493518,1.4905643104514736,0.00748080275720342
358.92,1.4855315454721276,1.4903969981705252,0.00747995989083694
358.98,1.487897224221908,1.4902296987403296,0.007479117089924103
359.04,1.4902658777097733,1.4900624121427621,0.0074782743543734265
359.1,1.492637508547841,1.4898951383596981,0.0074774316840936494
359.16,1.495012119349267,1.489727877373011,0.007476589078993179
359.22,1.497389712728241,1.4895606291645747,0.007475746538980421
359.28,1.499770291299988,1.4893933937162613,0.007474904063964005
359.34,1.5021538576807738,1.4892261710099435,0.0074740616538524485
359.4,1.5045404144878893,1.489058961027492,0.007473219308554269
359.46,1.5069299643396628,1.488891763750777,0.007472377027977983
359.52,1.509322509855459,1.4887245791616688,0.00747153481203211
359.58,1.5117180536556696,1.4885574072420358,0.007470692660624945
359.64,1.5141165983617244,1.4883902479737463,0.0074698505736652265
359.7,1.516518146596073,1.4882231013386675,0.007469008551061251
359.76,1.51892270098221,1.4880559673186655,0.007468166592721648
359.82,1.5213302641446496,1.4878888458956063,0.0074673246985548225
359.88,1.5237408387089393,1.4877217370513542,0.007466482868469293
359.94,1.5261544273016532,1.487554640767773,0.007465641102373577
360,1.5285710325503956,1.4873875570267263,0.007464799400176081
360.06,1.5309906570837994,1.4872204858100755,0.0074639577617852115
360.12,1.533413303531518,1.4870534270996822,0.0074631161871095975
360.18,1.5358389745242393,1.4868863808774062,0.007462274676057534
360.24,1.5382676726936673,1.4867193471251074,0.0074614332285375395
360.3,1.5406994006725445,1.4865523258246434,0.00746059184445802
360.36,1.5431341610946225,1.4863853169578718,0.007459750523727493
360.42,1.5455719565946837,1.4862183205066493,0.0074589092662543655
360.48,1.548012789808538,1.4860513364528312,0.007458068071947044
360.54,1.5504566633730124,1.4858843647782716,0.007457226940714046
360.6,1.5529035799259518,1.4857174054648241,0.007456385872463667
360.66,1.5553535421062308,1.4855504584943413,0.007455544867104424
360.72,1.5578065525537421,1.4853835238486743,0.0074547039245446145
360.78,1.5602626139093931,1.4852166015096735,0.0074538630446928655
360.84,1.562721728815116,1.485049691459188,0.007453022227457362
360.9,1.565183899913864,1.4848827936790656,0.007452181472746733
360.96,1.5676491298495996,1.4847159081511538,0.007451340780469162
361.02,1.5701174212673072,1.4845490348572985,0.007450500150533057
361.08,1.5725887768129931,1.4843821737793446,0.007449659582846824
361.14,1.5750631991336699,1.4842153248991354,0.00744881907731898
361.2,1.5775406908773753,1.4840484881985134,0.00744797863385771
361.26,1.5800212546931547,1.4838816636593202,0.007447138252371643
361.32,1.582504893231072,1.483714851263396,0.007446297932768742
361.38,1.5849916091422016,1.4835480509925796,0.007445457674957634
361.44,1.587481405078635,1.4833812628287089,0.007444617478846727
361.5,1.5899742836934705,1.4832144867536206,0.007443777344344205
361.56,1.5924702476408261,1.4830477227491499,0.007442937271358474
361.62,1.5949692995758205,1.4828809707971315,0.007442097259797831
361.68,1.597471442154595,1.4827142308793972,0.00744125730957057
361.74,1.5999766780342872,1.4825475029777793,0.00744041742058521
361.8,1.6024850098730563,1.4823807870741081,0.007439577592749824
361.86,1.6049964403300638,1.4822140831502122,0.007438737825972819
361.92,1.6075109720654805,1.4820473911879197,0.0074378981201626004
361.98,1.61002860774048,1.481880711169057,0.007437058475227243
362.04,1.6125493500172547,1.4817140430754487,0.007436218891075264
362.1,1.615073201558987,1.481547386888919,0.007435379367614736
362.15999999999997,1.6176001650298737,1.4813807425912904,0.007434539904754178
362.22,1.6201302430951223,1.4812141101643834,0.007433700502401663
362.28,1.6226634384209306,1.4810474895900176,0.007432861160465487
362.34000000000003,1.6251997536745109,1.4808808808500111,0.007432021878853945
362.4,1.627739191524069,1.4807142839261815,0.0074311826574752216
362.46,1.6302817546388217,1.4805476988003434,0.0074303434962377235
362.52,1.6328274456889864,1.4803811254543107,0.007429504395049635
362.58,1.6353762673457766,1.4802145638698958,0.007428665353819031
362.64,1.637928222281403,1.48004801402891,0.007427826372454205
362.7,1.640483313169091,1.479881475913162,0.007426987450863454
362.76,1.6430415426830465,1.4797149495044613,0.007426148588954962
362.82,1.6456029134984858,1.4795484347846128,0.007425309786636802
362.88,1.648167428291618,1.4793819317354224,0.007424471043817382
362.94,1.6507350897396558,1.4792154403386932,0.007423632360404664
363,1.653305900520796,1.4790489605762271,0.007422793736306943
363.06,1.6558798633142437,1.478882492429824,0.007421955171432515
363.12,1.6584569808001903,1.4787160358812836,0.007421116665689342
363.18,1.6610372556598263,1.4785495909124022,0.00742027821898561
363.24,1.6636206905753388,1.4783831575049755,0.007419439831229502
363.3,1.6662072882298982,1.4782167356407974,0.007418601502329203
363.36,1.668797051307675,1.4780503253016604,0.007417763232192787
363.42,1.6713899824938308,1.477883926469355,0.007416925020728327
363.48,1.6739860844745187,1.47771753912567,0.007416086867844007
363.54,1.6765853599368818,1.4775511632523928,0.007415248773448013
363.6,1.6791878115690473,1.477384798831309,0.007414410737448307
363.65999999999997,1.6817934420601413,1.4772184458442024,0.007413572759753073
363.72,1.6844022541002766,1.4770521042728548,0.007412734840270385
363.78,1.6870142503805443,1.4768857740990475,0.007411896978908206
363.84000000000003,1.6896294335930415,1.4767194553045586,0.007411059175574719
363.9,1.6922478064308248,1.476553147871166,0.007410221430177999
363.96,1.6948693715879655,1.4763868517806433,0.007409383742626008
364.02,1.6974941317595023,1.476220567014765,0.007408546112826708
364.08,1.7001220896414666,1.4760542935553023,0.007407708540688396
364.14,1.7027532479308665,1.4758880313840252,0.007406871026118922
364.2,1.705387609325701,1.4757217804827012,0.007406033569026249
364.26,1.7080251765249503,1.475555540833097,0.007405196169318562
364.32,1.710665952228569,1.4753893124169768,0.007404358826903601
364.38,1.7133099391375057,1.4752230952161025,0.007403521541689662
364.44,1.7159571399536822,1.475056889212235,0.007402684313584484
364.5,1.7186075573799997,1.474890694387133,0.007401847142496143
364.56,1.7212611941203428,1.4747245107225526,0.007401010028332489
364.62,1.723918052879569,1.4745583382002494,0.007400172971001595
364.68,1.7265781363635255,1.4743921768019757,0.007399335970411425
364.74,1.7292414472790214,1.4742260265094824,0.007398499026469718
364.8,1.7319079883338568,1.4740598873045185,0.007397662139084549
364.86,1.7345777622367955,1.4738937591688313,0.007396825308163879
364.92,1.7372507716975905,1.4737276420841652,0.007395988533615561
364.98,1.7399270194269558,1.4735615360322634,0.007395151815347334
365.04,1.7426065081365907,1.4733954409948669,0.007394315153267272
365.1,1.7452892405391596,1.4732293569537145,0.007393478547283117
365.15999999999997,1.7479752193483038,1.473063283890543,0.007392641997302829
365.22,1.750664447278644,1.4728972217870873,0.007391805503234261
365.28,1.7533569270457572,1.47273117062508,0.007390969064985153
365.34000000000003,1.756052661366204,1.4725651303862515,0.007390132682463468
365.4,1.758751652957503,1.4723991010523305,0.007389296355576946
365.46,1.761453904538157,1.4722330826050436,0.007388460084233328
365.52,1.7641594188276257,1.4720670750261147,0.007387623868340576
365.58,1.7668681985463484,1.4719010782972657,0.00738678770780643
365.64,1.7695802464157184,1.4717350924002173,0.007385951602538632
365.7,1.7722955651581072,1.4715691173166863,0.007385115552444921
365.76,1.7750141574968452,1.4714031530283889,0.007384279557433038
365.82,1.7777360261562327,1.4712371995170386,0.007383443617410945
365.88,1.7804611738615335,1.471071256764346,0.007382607732286162
365.94,1.783189603338979,1.4709053247520198,0.007381771901966427
366,1.7859213173157527,1.4707394034617676,0.007380936126359483
366.06,1.7886563185200177,1.470573492875293,0.00738010040537318
366.12,1.7913946096808837,1.4704075929742988,0.007379264738915037
366.18,1.7941361935284341,1.470241703740484,0.007378429126892683
366.24,1.7968810727937041,1.4700758251555466,0.007377593569213969
366.3,1.7996292502086984,1.4699099572011816,0.007376758065786415
366.36,1.8023807285063704,1.4697440998590823,0.0073759226165178715
366.42,1.8051355104206388,1.4695782531109387,0.007375087221315746
366.48,1.8078935986863847,1.469412416938439,0.007374251880087668
366.54,1.8106549960394367,1.4692465913232695,0.0073734165927413775
366.6,1.8134197052165848,1.4690807762471132,0.007372581359184505
366.65999999999997,1.8161877289555761,1.4689149716916512,0.0073717461793244565
366.72,1.8189590699951184,1.4687491776385615,0.007370911053068974
366.78,1.8217337310748587,1.468583394069521,0.007370075980325463
366.84000000000003,1.8245117149354182,1.4684176209662032,0.007369240961001666
366.9,1.8272930243183525,1.4682518583102793,0.00736840599500499
366.96,1.8300776619661867,1.4680861060834174,0.007367571082243063
367.02,1.832865630622385,1.4679203642672844,0.0073667362226232935
367.08,1.8356569330313726,1.4677546328435442,0.0073659014160532
367.14,1.8384515719385177,1.4675889117938576,0.0073650666624404115
367.2,1.8412495500901425,1.4674232010998833,0.007364231961692225
367.26,1.8440508702335197,1.4672575007432778,0.007363397313716269
367.32,1.8468555351168667,1.4670918107056943,0.0073625627184197295
367.38,1.8496635474893572,1.466926130968784,0.007361728175710458
367.44,1.8524749101011013,1.4667604615141947,0.007360893685495529
367.5,1.8552896257031628,1.4665948023235735,0.007360059247682571
367.56,1.8581076970475532,1.4664291533785623,0.007359224862178881
367.62,1.8609291268872203,1.4662635146608023,0.007358390528891867
367.68,1.8637539179760667,1.4660978861519307,0.007357556247728936
367.74,1.8665820730689335,1.4659322678335835,0.007356722018597384
367.8,1.8694135949216077,1.4657666596873928,0.007355887841404618
367.86,1.8722484862908126,1.4656010616949888,0.0073550537160579355
367.92,1.8750867499342234,1.4654354738379982,0.007354219642464743
367.98,1.8779283886104519,1.4652698960980455,0.007353385620532338
368.04,1.880773405079047,1.4651043284567522,0.0073525516501680155
368.1,1.8836218021005025,1.464938770895738,0.007351717731278851
368.15999999999997,1.8864735824362473,1.4647732233966178,0.007350883863772473
368.22,1.889328748848657,1.4646076859410058,0.007350050047555845
368.28,1.89218730410103,1.4644421585105125,0.007349216282536375
368.34000000000003,1.8950492509576198,1.4642766410867452,0.007348382568621137
368.4,1.8979145921836007,1.4641111336513093,0.007347548905717538
368.46,1.900783330545097,1.463945636185806,0.007346715293732653
368.52,1.9036554688091554,1.4637801486718358,0.007345881732573667
368.58,1.9065310097437638,1.463614671090994,0.007345048222147765
368.64,1.909409956117841,1.463449203424875,0.0073442147623622445
368.7,1.9122923107012453,1.463283745655068,0.007343381353124068
368.76,1.9151780762647563,1.4631182977631618,0.00734254799434042
368.82,1.9180672555800957,1.4629528597307404,0.007341714685918377
368.88,1.9209598514199113,1.4627874315393858,0.007340881427765122
368.94,1.9238558665577767,1.4626220131706769,0.0073400482197878425
369,1.9267553037682077,1.4624566046061893,0.007339215061893278
369.06,1.9296581658266367,1.462291205827496,0.007338381953988726
369.12,1.9325644555094301,1.4621258168161664,0.007337548895981261
369.18,1.9354741755938787,1.4619604375537678,0.007336715887777845
369.24,1.9383873288582052,1.4617950680218637,0.007335882929285442
369.3,1.9413039180815561,1.4616297082020147,0.007335050020411016
369.36,1.9442239460440036,1.4614643580757782,0.007334217161061751
369.42,1.947147415526538,1.4612990176247098,0.00733338435114439
369.48,1.9500743293110847,1.4611336868303597,0.0073325515905660055
369.54,1.9530046901804847,1.460968365674277,0.007331718879233451
369.6,1.9559385009185055,1.4608030541380066,0.007330886217053689
369.65999999999997,1.958875764309832,1.4606377522030909,0.007330053603933684
369.72,1.9618164831400802,1.460472459851068,0.007329221039780287
369.78,1.964760660195775,1.4603071770634746,0.007328388524500351
369.84000000000003,1.9677082982643737,1.4601419038218422,0.007327556058000839
369.9,1.9706594001342341,1.4599766401077015,0.007326723640188382
369.96,1.9736139685946514,1.4598113859025772,0.007325891270969942
370.02,1.9765720064358296,1.459646141187993,0.007325058950252372
370.08,1.9795335164488945,1.4594809059454685,0.007324226677942303
370.14,1.982498501425882,1.45931568015652,0.007323394453946586
370.2,1.9854669641597447,1.4591504638026604,0.007322562278172184
370.26,1.9884389074443571,1.4589852568654,0.007321730150525507
370.32,1.9914143340745023,1.4588200593262446,0.007320898070913628
370.38,1.9943932468458756,1.458654871166698,0.007320066039242956
370.44,1.9973756485550933,1.4584896923682593,0.007319234055420343
370.5,2.0003615419996716,1.4583245229124258,0.0073184021193524185
370.56,2.0033509299780485,1.4581593627806904,0.0073175702309458135
370.62,2.006343815289572,1.457994211954542,0.00731673839010738
370.68,2.009340200734492,1.4578290704154682,0.007315906596743527
370.74,2.012340089113976,1.4576639381449508,0.007315074850760883
370.8,2.0153434832301036,1.4574988151244699,0.00731424315206608
370.86,2.018350385885847,1.4573337013355014,0.007313411500565858
370.92,2.0213607998850978,1.4571685967595176,0.007312579896166516
370.98,2.0243747280326554,1.4570035013779878,0.007311748338774682
371.04,2.02739217313422,1.4568384151723774,0.007310916828296987
371.1,2.0304131379963994,1.4566733381241488,0.007310085364639951
371.15999999999997,2.0334376254266995,1.4565082702147605,0.007309253947709871
371.22,2.0364656382335427,1.4563432114256667,0.007308422577413376
371.28,2.0394971792262395,1.45617816173832,0.0073075912536568755
371.34000000000003,2.0425322512150204,1.4560131211341676,0.007306759976346777
371.4,2.0455708570109987,1.455848089594654,0.0073059287453896005
371.46,2.048612999426202,1.4556830671012198,0.007305097560691753
371.52,2.0516586812735547,1.455518053635302,0.007304266422159533
371.58,2.0547079053668806,1.4553530491783342,0.007303435329699237
371.64,2.0577606745208996,1.4551880537117459,0.007302604283217384
371.7,2.060816991551229,1.4550230672169637,0.007301773282620272
371.76,2.063876859274391,1.4548580896754097,0.007300942327814086
371.82,2.0669402805078003,1.4546931210685028,0.007300111418705235
371.88,2.0700072580697655,1.4545281613776575,0.007299280555200016
371.94,2.073077794779495,1.4543632105842859,0.007298449737204726
372,2.076151893457085,1.4541982686697947,0.007297618964625441
372.06,2.0792295569235337,1.4540333356155883,0.007296788237368457
372.12,2.082310788000727,1.4538684114030667,0.00729595755533996
372.18,2.085395589511445,1.4537034960136261,0.007295126918446249
372.24,2.088483964279358,1.4535385894286585,0.007294296326593397
372.3,2.09157591512903,1.453373691629553,0.00729346577968748
372.36,2.094671444885919,1.4532088025976941,0.007292635277634796
372.42,2.0977705563763593,1.4530439223144627,0.007291804820341308
372.48,2.100873252427592,1.4528790507612357,0.007290974407713091
372.54,2.1039795358677296,1.4527141879193868,0.007290144039656443
372.6,2.1070894095257837,1.4525493337702846,0.007289313716077106
372.65999999999997,2.1102028762316443,1.452384488295295,0.007288483436881377
372.72,2.1133199388160993,1.4522196514757788,0.007287653201974997
372.78,2.1164406001108085,1.4520548232930937,0.007286823011264154
372.84000000000003,2.1195648629483275,1.451890003728593,0.007285992864654922
372.9,2.122692730162082,1.4517251927636265,0.0072851627620529325
372.96,2.125824204586399,1.4515603903795395,0.007284332703364371
373.02,2.128959289056474,1.4513955965576737,0.0072835026884949805
373.08,2.1320979864083935,1.451230811279366,0.0072826727173508354
373.14,2.1352402994791118,1.4510660345259505,0.007281842789837678
373.2,2.1383862311064834,1.4509012662787562,0.0072810129058614725
373.26,2.1415357841292235,1.450736506519108,0.007280183065327961
373.32,2.1446889613869358,1.450571755228328,0.007279353268142885
373.38,2.147845765720101,1.4504070123877322,0.0072785235142120985
373.44,2.151006199970075,1.450242277978634,0.007277693803441454
373.5,2.1541702669790963,1.4500775519823423,0.007276864135736694
373.56,2.157337969590273,1.4499128343801617,0.0072760345110034486
373.62,2.16050931064759,1.4497481251533924,0.007275204929147461
373.68,2.163684292995912,1.4495834242833305,0.007274375390074472
373.74,2.166862919480969,1.4494187317512686,0.007273545893690225
373.8,2.170045192949371,1.4492540475384943,0.007272716439900018
373.86,2.1732311162485987,1.449089371626291,0.007271887028609925
373.92,2.176420692227001,1.448924703995938,0.007271057659725244
373.98,2.1796139237338013,1.4487600446287106,0.007270228333151607
374.04,2.182810813619094,1.4485953935058795,0.007269399048794756
374.1,2.18601136473384,1.4484307506087115,0.007268569806559988
374.15999999999997,2.1892155799298703,1.4482661159184678,0.007267740606352935
374.22,2.1924234620598932,1.4481014894164066,0.007266911448079116
374.28,2.1956350139774625,1.447936871083782,0.007266082331644053
374.34000000000003,2.1988502385370223,1.4477722609018422,0.0072652532569530415
374.4,2.2020691385938673,1.447607658851832,0.007264424223911603
374.46,2.205291717004163,1.4474430649149923,0.007263595232425146
374.52,2.2085179766249414,1.4472784790725581,0.007262766282399191
374.58,2.211747920314091,1.4471139013057617,0.007261937373738814
374.64,2.214981550930376,1.4469493315958288,0.007261108506349645
374.7,2.218218871333408,1.446784769923983,0.007260279680136761
374.76,2.2214598843836675,1.446620216271442,0.007259450895005681
374.82,2.224704592942497,1.4464556706194198,0.007258622150861593
374.88,2.2279529998721026,1.4462911329491241,0.007257793447609684
374.94,2.231205108035537,1.4461266032417601,0.007256964785155251
375,2.234460920296727,1.4459620814785277,0.007256136163403593
375.06,2.2377204395204453,1.445797567640622,0.0072553075822597846
375.12,2.2409836685723303,1.4456330617092341,0.007254479041628903
375.18,2.2442506103188657,1.4454685636655495,0.0072536505414162455
375.24,2.247521267627408,1.4453040734907503,0.0072528220815268885
375.3,2.2507956433661556,1.445139591166013,0.0072519936618659075
375.36,2.254073740404162,1.4449751166725102,0.00725116528233849
375.42,2.2573555616113397,1.4448106499914088,0.007250336942849489
375.48,2.2606411098584522,1.4446461911038722,0.007249508643303981
375.54,2.2639303880171155,1.4444817399910583,0.007248680383607153
375.6,2.2672233989597936,1.4443172966341202,0.007247852163663748
375.65999999999997,2.2705201455598023,1.4441528610142076,0.007247023983378842
375.72,2.2738206306913145,1.4439884331124633,0.007246195842657399
375.78,2.2771248572293405,1.4438240129100273,0.007245367741404163
375.84000000000003,2.2804328280497517,1.4436596003880329,0.00724453967952432
375.9,2.2837445460292534,1.4434951955276107,0.007243711656922391
375.96,2.287060014045413,1.443330798309885,0.007242883673503342
376.02,2.2903792349766294,1.443166408715976,0.007242055729172137
376.08,2.293702211702158,1.443002026726998,0.007241227823833296
376.14,2.2970289471020973,1.4428376523240616,0.0072403999573917854
376.2,2.3003594440573805,1.4426732854882722,0.007239572129752347
376.26,2.3036937054498003,1.4425089262007302,0.007238744340819503
376.32,2.307031734161977,1.4423445744425307,0.007237916590498217
376.38,2.310373533077378,1.4421802301947644,0.007237088878692899
376.44,2.313719105080321,1.4420158934385168,0.007236261205308292
376.5,2.3170684530559456,1.4418515641548686,0.007235433570249139
376.56,2.320421579890251,1.441687242324895,0.00723460597341985
376.62,2.3237784884700594,1.4415229279296666,0.007233778414724945
376.68,2.3271391816830405,1.4413586209502491,0.007232950894069279
376.74,2.3305036624177,1.4411943213677032,0.007232123411357039
376.8,2.333871933563373,1.441030029163084,0.007231295966492968
376.86,2.337243998010246,1.4408657443174415,0.0072304685593813645
376.92,2.340619858649322,1.4407014668118214,0.007229641189926639
376.98,2.3439995183724522,1.4405371966272642,0.007228813858033423
377.04,2.3473829800723185,1.4403729337448037,0.007227986563605904
377.1,2.3507702466424343,1.4402086781454706,0.007227159306548492
377.15999999999997,2.354161320977139,1.4400444298102897,0.007226332086765597
377.22,2.357556205971623,1.43988018872028,0.007225504904161406
377.28,2.3609549045218836,1.4397159548564558,0.00722467775864033
377.34000000000003,2.3643574195247665,1.439551728199826,0.007223850650106667
377.4,2.3677637538779353,1.4393875087313954,0.007223023578464494
377.46,2.371173910479891,1.4392232964321612,0.007222196543618109
377.52,2.3745878922299513,1.4390590912831178,0.007221369545471701
377.58,2.378005702028278,1.4388948932652523,0.007220542583929457
377.64,2.3814273427758383,1.4387307023595484,0.007219715658895343
377.7,2.3848528173744463,1.4385665185469823,0.007218888770273657
377.76,2.3882821287267224,1.438402341808527,0.007218061917968477
377.82,2.3917152797361205,1.4382381721251487,0.007217235101883657
377.88,2.395152273306925,1.4380740094778088,0.007216408321923384
377.94,2.3985931123442246,1.4379098538474633,0.0072155815779916255
378,2.4020377997539453,1.4377457052150624,0.007214754869992346
378.06,2.4054863384428287,1.4375815635615514,0.007213928197829511
378.12,2.408938731318435,1.4374174288678698,0.007213101561406976
378.18,2.4123949812891543,1.4372533011149515,0.007212274960628595
378.24,2.4158550912641763,1.4370891802837256,0.007211448395398334
378.3,2.4193190641535316,1.4369250663551147,0.007210621865620048
378.36,2.422786902868052,1.4367609593100372,0.0072097953711974805
378.42,2.4262586103193886,1.4365968591294045,0.007208968912034375
378.48,2.4297341894200155,1.4364327657941232,0.007208142488034586
378.54,2.43321364308322,1.4362686792850947,0.007207316099101635
378.6,2.436696974223094,1.436104599583214,0.007206489745139488
378.65999999999997,2.4401841857545534,1.4359405266693712,0.007205663426051556
378.72,2.4436752805933297,1.4357764605244494,0.0072048371417418045
378.78,2.447170261655954,1.4356124011293288,0.007204010892113533
378.84000000000003,2.450669131859789,1.4354483484648806,0.007203184677070373
378.9,2.4541718941229806,1.4352843025119726,0.00720235849651607
378.96,2.4576785513645065,1.4351202632514664,0.007201532350353923
379.02,2.461189106504147,1.4349562306642174,0.007200706238487564
379.08,2.464703562462488,1.434792204731076,0.007199880160820404
379.14,2.4682219221609354,1.4346281854328857,0.007199054117255965
379.2,2.4717441885216815,1.4344641727504857,0.007198228107697657
379.26,2.47527036446774,1.4343001666647084,0.00719740213204878
379.32,2.478800452922927,1.4341361671563806,0.0071965761902127445
379.38,2.4823344568118593,1.4339721742063234,0.007195750282092739
379.44,2.4858723790599684,1.433808187795352,0.007194924407592174
379.5,2.4894142225934766,1.4336442079042755,0.00719409856661446
379.56,2.492959990339417,1.4334802345138975,0.007193272759062563
379.62,2.4965096852256163,1.4333162676050153,0.007192446984839895
379.68,2.5000633101807104,1.4331523071584213,0.007191621243849644
379.74,2.5036208681341354,1.4329883531549001,0.007190795535994665
379.8,2.507182362016117,1.4328244055752324,0.00718996986117848
379.86,2.5107477947576924,1.4326604644001912,0.0071891442193039445
379.92,2.514317169290691,1.4324965296105447,0.007188318610274136
379.98,2.5178904885477325,1.4323326011870545,0.007187493033992132
380.04,2.5214677554622504,1.4321686791104764,0.0071866674903608985
380.1,2.525048972968458,1.4320047633615598,0.007185841979283403
380.15999999999997,2.528634144001366,1.4318408539210488,0.007185016500662611
380.22,2.5322232714967945,1.43167695076968,0.00718419105440149
380.28,2.5358163583913313,1.4315130538881862,0.0071833656404027835
380.34000000000003,2.539413407622381,1.4313491632572917,0.007182540258569459
380.4,2.543014422128123,1.431185278857716,0.00718171490880426
380.46,2.5466194048475392,1.4310214006701716,0.007180889591010042
380.52,2.5502283587203958,1.430857528675366,0.00718006430508944
380.58,2.5538412866872555,1.4306936628539997,0.0071792390509453075
380.64,2.557458191689464,1.4305298031867666,0.007178413828480279
380.7,2.561079076669151,1.430365949654355,0.007177588637597099
380.76,2.5647039445692466,1.4302021022374471,0.007176763478198178
380.82,2.568332798333454,1.430038260916719,0.007175938350186484
380.88,2.571965640906273,1.4298744256728388,0.007175113253464205
380.94,2.5756024752329805,1.4297105964864707,0.007174288187934086
381,2.579243304259643,1.4295467733382707,0.007173463153498649
381.06,2.582888130933111,1.4293829562088898,0.0071726381500603065
381.12,2.5865369582010143,1.4292191450789713,0.007171813177521469
381.18,2.5901897890117667,1.4290553399291535,0.007170988235784659
381.24,2.593846626314567,1.4288915407400666,0.007170163324752177
381.3,2.5975074730593852,1.4287277474923366,0.007169338444326323
381.36,2.601172332196979,1.4285639601665807,0.007168513594409509
381.42,2.6048412066788886,1.4284001787434117,0.007167688774904035
381.48,2.6085140994574174,1.4282364032034347,0.00716686398571198
381.54,2.612191013485664,1.4280726335272487,0.007166039226735754
381.6,2.6158719517174944,1.4279088696954456,0.007165214497877548
381.65999999999997,2.6195569171075475,1.4277451116886117,0.007164389799039328
381.72,2.6232459126112553,1.4275813594873261,0.007163565130123395
381.78,2.6269389411848,1.4274176130721614,0.007162740491031716
381.84000000000003,2.630636005785151,1.427253872423684,0.007161915881666481
381.9,2.6343371093700507,1.4270901375224536,0.007161091301929545
381.96,2.6380422548980107,1.4269264083490225,0.007160266751723099
382.02,2.641751445328319,1.426762684883937,0.007159442230948887
382.08,2.645464683621026,1.426598967107737,0.007158617739508877
382.14,2.649181972736965,1.4264352550009547,0.007157793277305147
382.2,2.6529033156377184,1.4262715485441169,0.00715696884423922
382.26,2.6566287152856596,1.4261078477177427,0.007156144440213286
382.32,2.6603581746439158,1.4259441525023446,0.007155320065128978
382.38,2.66409169667638,1.4257804628784287,0.007154495718887932
382.44,2.6678292843477243,1.4256167788264942,0.007153671401392003
382.5,2.6715709406233707,1.4254531003270332,0.007152847112542826
382.56,2.6753166684695175,1.425289427360531,0.007152022852242146
382.62,2.679066470853123,1.4251257599074663,0.007151198620391486
382.68,2.6828203507419066,1.424962097948311,0.00715037441689248
382.74,2.686578311104352,1.4247984414635295,0.007149550241646541
382.8,2.6903403549097025,1.4246347904335803,0.007148726094555413
382.86,2.6941064851279672,1.4244711448389142,0.007147901975520399
382.92,2.69787670472991,1.424307504659975,0.0071470778844430205
382.98,2.701651016687051,1.4241438698772002,0.007146253821224691
383.04,2.7054294239716876,1.4239802404710193,0.007145429785766821
383.1,2.7092119295568455,1.423816616421856,0.007144605777970603
383.15999999999997,2.712998536416332,1.4236529977101262,0.007143781797737447
383.22,2.7167892475247095,1.4234893843162388,0.007142957844968656
383.28,2.7205840658572695,1.4233257762205958,0.00714213391956553
383.34000000000003,2.724382994390097,1.4231621734035917,0.007141310021429037
383.4,2.7281860360999906,1.4229985758456152,0.007140486150460479
383.46,2.7319931939645374,1.4228349835270462,0.007139662306561045
383.52,2.7358044709620573,1.422671396428258,0.007138838489631816
383.58,2.739619870071629,1.4225078145296175,0.007138014699573758
383.64,2.743439394273077,1.4223442378114832,0.0071371909362879515
383.7,2.74726304654698,1.422180666254208,0.007136367199675364
383.76,2.7510908298746637,1.4220170998381358,0.007135543489636964
383.82,2.7549227472382,1.4218535385436042,0.007134719806073608
383.88,2.758758801620418,1.4216899823509435,0.007133896148886265
383.94,2.7625989960048845,1.421526431240476,0.00713307251797568
384,2.7664433333759146,1.4213628851925186,0.007132248913242822
384.06,2.770291816718574,1.4211993441873785,0.007131425334588326
384.12,2.7741444490186606,1.421035808205357,0.0071306017819129375
384.18,2.778001233262734,1.4208722772267472,0.007129778255117292
384.24,2.7818621724380863,1.420708751231836,0.007128954754102246
384.3,2.785727269532752,1.4205452302009012,0.007128131278768213
384.36,2.789596527535507,1.4203817141142152,0.007127307829015828
384.42,2.7934699494358726,1.420218202952041,0.007126484404745725
384.48,2.7973475382241038,1.4200546966946355,0.00712566100585843
384.54,2.801229296891205,1.4198911953222468,0.007124837632254244
384.6,2.8051152284289063,1.4197276988151175,0.007124014283833691
384.65999999999997,2.8090053358296796,1.4195642071534809,0.007123190960497294
384.72,2.8128996220867517,1.4194007203175627,0.007122367662145246
384.78,2.816798090194049,1.4192372382875826,0.007121544388677847
384.84000000000003,2.8207007431462743,1.419073761043751,0.007120721139995512
384.9,2.824607583938829,1.418910288566272,0.007119897915998541
384.96,2.828518615567874,1.418746820835341,0.007119074716586904
385.02,2.8324338410302907,1.4185833578311469,0.007118251541660903
385.08,2.8363532633236983,1.418419899533869,0.007117428391120728
385.14,2.840276885446446,1.4182564459236813,0.007116605264866349
385.2,2.844204710397612,1.4180929969807485,0.007115782162797957
385.26,2.848136741177006,1.4179295526852278,0.007114959084815409
385.32,2.8520729807851684,1.417766113017269,0.007114136030818896
385.38,2.856013432223366,1.4176026779570143,0.007113313000708166
385.44,2.859958098493594,1.4174392474845974,0.0071124899943830755
385.5,2.8639069825985697,1.4172758215801442,0.007111667011743705
385.56,2.86786008754175,1.4171124002237738,0.007110844052689691
385.62,2.871817416327301,1.416948983395596,0.0071100211171208905
385.68,2.875778971960127,1.4167855710757138,0.007109198204937162
385.74,2.8797447574458452,1.416622163244222,0.007108375316037918
385.8,2.8837147757908026,1.416458759881207,0.007107552450323129
385.86,2.887689030002069,1.416295360966748,0.007106729607692208
385.92,2.891667523087434,1.4161319664809155,0.007105906788044791
385.98,2.8956502580554035,1.4159685764037726,0.007105083991280403
386.04,2.8996372379152047,1.4158051907153744,0.00710426121729868
386.1,2.9036284656767957,1.4156418093957672,0.007103438465998924
386.15999999999997,2.907623944350833,1.41547843242499,0.00710261573728066
386.22,2.9116236769487194,1.4153150597830735,0.007101793031043302
386.28,2.9156276664825325,1.4151516914500404,0.007100970347186042
386.34000000000003,2.919635915965115,1.4149883274059045,0.0071001476856082935
386.4,2.923648428409976,1.414824967630673,0.007099325046209248
386.46,2.9276652068313793,1.4146616121043436,0.007098502428888209
386.52,2.931686254244288,1.414498260806906,0.007097679833544257
386.58,2.935711573664365,1.4143349137183425,0.007096857260076694
386.64,2.939741168108008,1.4141715708186264,0.00709603470838438
386.7,2.943775040592307,1.414008232087723,0.007095212178366617
386.76,2.947813194135075,1.413844897505589,0.007094389669922263
386.82,2.951855631754829,1.4136815670521736,0.0070935671829504
386.88,2.955902356470797,1.4135182407074167,0.007092744717349775
386.94,2.959953371302916,1.4133549184512508,0.007091922273019469
387,2.9640086792718296,1.4131916002635994,0.00709109984985834
387.06,2.9680682833988836,1.4130282861243775,0.0070902774477650254
387.12,2.972132186706139,1.4128649760134926,0.007089455066638384
387.18,2.9762003922163576,1.4127016699108426,0.007088632706377163
387.24,2.980272902953003,1.412538367796318,0.0070878103668799985
387.3,2.9843497219402417,1.4123750696498,0.007086988048045528
387.36,2.9884308522029523,1.412211775451162,0.0070861657497724995
387.42,2.992516296766703,1.4120484851802684,0.007085343471959216
387.48,2.996606058657772,1.4118851988169752,0.0070845212145043135
387.54,3.000700140903134,1.41172191634113,0.007083698977306208
387.6,3.0047985465304636,1.4115586377325713,0.0070828767602634235
387.65999999999997,3.0089012785681346,1.4113953629711302,0.007082054563274265
387.72,3.013008340045231,1.4112320920366273,0.007081232386237146
387.78,3.017119733991507,1.4110688249088763,0.00708041022905026
387.84000000000003,3.0212354634374385,1.4109055615676813,0.007079588091611799
387.9,3.025355531414184,1.4107423019928385,0.007078765973820289
387.96,3.029479940953597,1.410579046164134,0.007077943875573478
388.02,3.033608695088238,1.4104157940613467,0.007077121796769892
388.08,3.03774179685135,1.4102525456642452,0.00707629973730739
388.14,3.0418792492768674,1.410089300952591,0.007075477697083943
388.2,3.046021055399418,1.4099260599061358,0.007074655675997632
388.26,3.050167218254326,1.4097628225046226,0.007073833673946428
388.32,3.054317740877603,1.4095995887277852,0.00707301169082819
388.38,3.058472626305946,1.4094363585553495,0.0070721897265408895
388.44,3.062631877576743,1.4092731319670315,0.007071367780982163
388.5,3.066795497728075,1.4091099089425392,0.007070545854049759
388.56,3.070963489798708,1.4089466894615705,0.007069723945641648
388.62,3.075135856828087,1.4087834735038156,0.007068902055655357
388.68,3.079312601856344,1.4086202610489549,0.007068080183988412
388.74,3.083493727924312,1.40845705207666,0.007067258330538562
388.8,3.0876792380734868,1.4082938465665935,0.007066436495203332
388.86,3.0918691353460606,1.408130644498409,0.007065614677880139
388.92,3.0960634227849058,1.4079674458517508,0.007064792878466619
388.98,3.100262103433571,1.4078042506062545,0.007063971096859967
389.04,3.104465180336282,1.4076410587415462,0.007063149332957597
389.1,3.1086726565379683,1.4074778702372428,0.007062327586656814
389.15999999999997,3.1128845350842056,1.407314685072953,0.007061505857855033
389.22,3.117100819021282,1.4071515032282746,0.007060684146449336
389.28,3.121321511396131,1.4069883246827979,0.007059862452336918
389.34000000000003,3.125546615256389,1.4068251494161026,0.007059040775414971
389.4,3.129776133650342,1.4066619774077602,0.007058219115580577
389.46,3.1340100696269886,1.4064988086373318,0.007057397472730709
389.52,3.1382484262359625,1.406335643084371,0.007056575846762336
389.58,3.142491206527603,1.4061724807284195,0.007055754237572653
389.64,3.1467384135528995,1.406009321549012,0.007054932645058187
389.7,3.1509900503635215,1.4058461655256724,0.00705411106911602
389.76,3.1552461200118147,1.4056830126379165,0.007053289509643013
389.82,3.1595066255507973,1.4055198628652485,0.0070524679665356915
389.88,3.163771570034139,1.405356716187166,0.007051646439691028
389.94,3.1680409565161973,1.4051935725831548,0.00705082492900555
